RA,Dec
12.815886287625418, -34.11532786885246
12.835, -34.054508196721315
12.803311036789298, -34.02926229508197
12.75066889632107, -34.036295081967216
12.726588628762542, -34.05565573770492
12.71705685618729, -34.07
12.721571906354514, -34.09581967213115
12.732608695652173, -34.111311475409835
12.748160535117057, -34.12049180327869
12.76571906354515, -34.124508196721315
12.791304347826086, -34.12508196721311
