RA,Dec
215.3041505,3.2890854
215.2910461,3.2889148
215.293469,3.2819991
215.2908136,3.2735113
215.3031537,3.2740022
215.3046537,3.2815025
