RA,Dec
215.102958,3.9917164
215.0913476,3.992126
215.0769809,3.9925336
215.0763997,3.9863673
215.0893465,3.9857088
215.1022106,3.9836335
215.1058827,3.9893851
